{
  "n_bins": 100,
  "n_train_samples": 804592,
  "center_mode": "sample_mean",
  "edges": [
    -4.89272508967323,
    -3.14875606651009,
    -2.69514157730821,
    -2.41224145549108,
    -2.21959637754868,
    -2.0752064682135,
    -1.9461826916314902,
    -1.83846286128415,
    -1.7500239802421098,
    -1.66848367004198,
    -1.59003935931745,
    -1.5152656400538556,
    -1.45361167099504,
    -1.3919204632424003,
    -1.34123195305486,
    -1.28869502450869,
    -1.23609058352563,
    -1.18843877462344,
    -1.14486592810738,
    -1.10008298581205,
    -1.05205964207654,
    -1.0197479009765,
    -0.976882963963558,
    -0.935651883867572,
    -0.895191886175788,
    -0.860067162037889,
    -0.824879870518509,
    -0.787627152336694,
    -0.753153475477948,
    -0.717958811532249,
    -0.686688078497892,
    -0.647401422881092,
    -0.621636272561051,
    -0.582126875736613,
    -0.5488344488510439,
    -0.518410833827338,
    -0.48479980942098,
    -0.45251316914635,
    -0.412241455491075,
    -0.387744778525941,
    -0.355776032838963,
    -0.321242538619632,
    -0.287974037421736,
    -0.258527192894951,
    -0.222731155408424,
    -0.193677934745408,
    -0.167019004522642,
    -0.124752249416808,
    -0.0966232788421592,
    -0.0647488114665832,
    -0.0307610541414999,
    0.00327045848454287,
    0.0363733359338171,
    0.0713737336986868,
    0.104451628756198,
    0.144487569400567,
    0.180965106624366,
    0.221922897260578,
    0.25557331279214,
    0.287461968291465,
    0.321758422214954,
    0.354621993650259,
    0.389288175091144,
    0.423971215494673,
    0.46224230981875,
    0.497472421688014,
    0.543972934083899,
    0.584426679368419,
    0.631189280455783,
    0.676556551906545,
    0.714905822643742,
    0.752930714905535,
    0.793104559010365,
    0.830427738911757,
    0.865547891478956,
    0.904694595109976,
    0.947983798200519,
    0.991436005537727,
    1.04652746441294,
    1.0914237928737,
    1.15086035651542,
    1.21333054190075,
    1.27632473130272,
    1.34350336810912,
    1.41355839138465,
    1.48855780712395,
    1.5714540693855,
    1.66385796078189,
    1.77114445219059,
    1.8925281813348587,
    2.02727984983663,
    2.18365713546883,
    2.36965083902366,
    2.60151988364869,
    2.8829917555467,
    3.21722919417456,
    3.5831077614393028,
    3.9979094039357,
    4.468711418138073,
    5.08613683340388,
    8.45433053282941
  ],
  "centers": [
    -3.6654840597897116,
    -2.9041183924781016,
    -2.55258256554686,
    -2.3240713333752527,
    -2.1563543890103816,
    -2.01648200312776,
    -1.896170366578144,
    -1.792559468285462,
    -1.7042640817446628,
    -1.6290425520798906,
    -1.5568813463227142,
    -1.490072843302531,
    -1.4279748538099302,
    -1.3721194741936837,
    -1.3154011262057237,
    -1.2625840603414837,
    -1.2141485724904277,
    -1.167911245681468,
    -1.1246054729164616,
    -1.0797671775792854,
    -1.040752966194304,
    -1.005085302108375,
    -0.9625540151609284,
    -0.9190715591947378,
    -0.880390833415311,
    -0.8422725278162634,
    -0.8065345809002523,
    -0.7720322919063441,
    -0.7382407430770589,
    -0.706093564642628,
    -0.6706390031437893,
    -0.6347002222346606,
    -0.6020018960713773,
    -0.5659088708816261,
    -0.5333440041396081,
    -0.503625724135599,
    -0.47014408862744866,
    -0.4389576521749193,
    -0.40585514653502575,
    -0.372470614130624,
    -0.34002787081253116,
    -0.30689044025374645,
    -0.2750955594882988,
    -0.2423403335898792,
    -0.20935096445177306,
    -0.1771975033166011,
    -0.14585099227792683,
    -0.11414462025221597,
    -0.08179367011830486,
    -0.050232401567278755,
    -0.016442037170177923,
    0.01870666599429273,
    0.05326569709454,
    0.08728796654677466,
    0.12344477035987465,
    0.16136520785727002,
    0.2008036045833236,
    0.2387593981690024,
    0.2712306314620468,
    0.30383114478421314,
    0.337589305321304,
    0.37105388620521235,
    0.40549087814195645,
    0.44193662790901317,
    0.4768430083213629,
    0.5158286429302495,
    0.5635304641631338,
    0.6066404775959319,
    0.6523578906361829,
    0.6940203290727468,
    0.7324781473831175,
    0.7720650359858934,
    0.8119985262433816,
    0.848163871582727,
    0.8846857650489708,
    0.92478511772389,
    0.9691319770420073,
    1.015373820116059,
    1.064006072232166,
    1.1203581326743133,
    1.1810794702136505,
    1.2443676105797168,
    1.3090992280910723,
    1.3772741006908242,
    1.4493027008840533,
    1.528654619353531,
    1.6166837390518582,
    1.7166678373143933,
    1.829537253048297,
    1.9590327571563502,
    2.1020321055655247,
    2.2721185693664054,
    2.4822403711534973,
    2.7364920502789323,
    3.0437405379860833,
    3.4010744133427777,
    3.7871915015039526,
    4.225608600527688,
    4.754634584779911,
    5.733212810504509
  ],
  "bin_counts": [
    7972,
    8118,
    7930,
    8030,
    7740,
    8438,
    8050,
    8644,
    7384,
    8040,
    8160,
    7796,
    7686,
    8110,
    8530,
    7796,
    8218,
    7924,
    7334,
    8882,
    5828,
    8226,
    9342,
    8616,
    8154,
    8168,
    7718,
    8318,
    7204,
    7824,
    8596,
    8454,
    8202,
    8576,
    7098,
    7830,
    8324,
    7482,
    8820,
    8022,
    7872,
    8318,
    7062,
    8980,
    7694,
    8550,
    7636,
    8366,
    7668,
    7698,
    8782,
    7882,
    8276,
    7482,
    8532,
    8052,
    8176,
    7882,
    7896,
    8162,
    8056,
    8188,
    7540,
    8378,
    5998,
    10264,
    7848,
    8210,
    7536,
    8486,
    8110,
    8122,
    7928,
    8138,
    7528,
    8594,
    7958,
    8086,
    7940,
    8164,
    7992,
    8086,
    8052,
    8008,
    8098,
    8068,
    8020,
    8094,
    8046,
    8040,
    8048,
    8026,
    8050,
    8054,
    8056,
    8048,
    8042,
    8050,
    8044,
    8048
  ]
}